choose_one_gold,choose_one,keyword,_last_judgment_at,text,userid,choose_one:confidence,tweetid,_golden,_trusted_judgments,location,_unit_id,_unit_state,objective,link_url1,link_uri1,link_title1,link_url2,link_uri2,link_title2,link_url3,link_uri3,link_title3
Relevant,Relevant,,,Just happened a terrible car crash,,1,1,TRUE,156,,778243823,golden,0,,,,,,,,,
Relevant,Relevant,,,Our Deeds are the Reason of this #earthquake May ALLAH Forgive us all,,1,13,TRUE,152,,778243824,golden,0,,,,,,,,,
Relevant,Relevant,,,"Heard about #earthquake is different cities, stay safe everyone.",,1,14,TRUE,137,,778243825,golden,0,,,,,,,,,
Relevant,Relevant,,,"there is a forest fire at spot pond, geese are fleeing across the street, I cannot save them all",,0.9603,15,TRUE,136,,778243826,golden,0,,,,,,,,,
Relevant,Relevant,,,Forest fire near La Ronge Sask. Canada,,1,16,TRUE,138,,778243827,golden,1,,,,,,,,,
Relevant,Relevant,,,All residents asked to 'shelter in place' are being notified by officers. No other evacuation or shelter in place orders are expected,,1,17,TRUE,140,,778243828,golden,1,,,,,,,,,
Relevant,Relevant,,,"13,000 people receive #wildfires evacuation orders in California ",,1,18,TRUE,142,,778243831,golden,1,,,,,,,,,
Relevant,Relevant,,,Just got sent this photo from Ruby #Alaska as smoke from #wildfires pours into a school ,,1,19,TRUE,151,,778243832,golden,1,,,,,,,,,
Relevant,Relevant,,,#RockyFire Update => California Hwy. 20 closed in both directions due to Lake County fire - #CAfire #wildfires,,1,20,TRUE,143,,778243833,golden,1,,,,,,,,,
"Relevant
Can't Decide",Relevant,,,Apocalypse lighting. #Spokane #wildfires,,0.9606,21,TRUE,136,,778243834,golden,0,,,,,,,,,
Relevant,Relevant,,,"#flood #disaster Heavy rain causes flash flooding of streets in Manitou, Colorado Springs areas",,1,11,TRUE,152,,778243835,golden,1,,,,,,,,,
Relevant,Relevant,,,Typhoon Soudelor kills 28 in China and Taiwan,,1,12,TRUE,157,,778243836,golden,1,,,,,,,,,
Relevant,Relevant,,,We're shaking...It's an earthquake,,1,2,TRUE,143,,778243837,golden,0,,,,,,,,,
"Relevant
Can't Decide",Relevant,,,I'm on top of the hill and I can see a fire in the woods...,,0.9607,7,TRUE,140,,778243838,golden,1,,,,,,,,,
Relevant,Relevant,,,There's an emergency evacuation happening now in the building across the street,,0.9215,8,TRUE,136,,778243839,golden,1,,,,,,,,,
Relevant,Relevant,,,Three people died from the heat wave so far,,0.9603,10,TRUE,147,,778243841,golden,1,,,,,,,,,
Relevant,Relevant,,,Haha South Tampa is getting flooded hah- WAIT A SECOND I LIVE IN SOUTH TAMPA WHAT AM I GONNA DO WHAT AM I GONNA DO FVCK #flooding,,1,22,TRUE,132,,778243842,golden,0,,,,,,,,,
Relevant,Relevant,,,#raining #flooding #Florida #TampaBay #Tampa 18 or 19 days. I've lost count ,,1,23,TRUE,144,,778243843,golden,0,,,,,,,,,
Relevant,Relevant,,,Damage to school bus on 80 in multi car crash #BREAKING ,,1,25,TRUE,136,,778243845,golden,1,,,,,,,,,
,Relevant,ablaze,8/26/2015 15:56,Birmingham Wholesale Market is ablaze BBC News - Fire breaks out at Birmingham's Wholesale Market http://t.co/irWqCEZWEU,2980940362,1,6.29E+17,FALSE,5,London,778244862,finalized,1,http://www.bbc.co.uk/news/uk-england-birmingham-33808220,http://www.bbc.co.uk/,Fire breaks out at Birmingham's Wholesale Market - BBC News,,,,,,
,Relevant,ablaze,8/26/2015 17:19,INEC Office in Abia Set Ablaze - http://t.co/3ImaomknnA,740345790,1,6.29E+17,FALSE,5,World Wide!!,778244871,finalized,1,http://www.yabaleftonline.com/2015/08/inec-office-in-abia-set-ablaze/,http://www.yabaleftonline.com/,,,,,,,
,Relevant,ablaze,8/26/2015 16:29,Barbados #Bridgetown JAMAICA ‰ׂ Two cars set ablaze: SANTA CRUZ ‰׃ Head of the St Elizabeth Police Superintende...  http://t.co/wDUEaj8Q4J,2340333948,1,6.29E+17,FALSE,5,,778244872,finalized,1,,,,,,,,,
,Relevant,ablaze,8/26/2015 15:56,How the West was burned: Thousands of wildfires ablaze in California alone http://t.co/vl5TBR3wbr,2424571028,1,6.29E+17,FALSE,5,"GREENSBORO,NORTH CAROLINA",778244882,finalized,1,http://mashable.com/2015/08/04/how-the-west-was-burned/#:eyJzIjoiZiIsImkiOiJfcnNibjdubzB6bmZpdHl5ayJ9,http://mashable.com/,How the West was burned: Thousands of wildfires ablaze in California alone,,,,,,
,Relevant,ablaze,8/28/2015 19:14,Deputies: Man shot before Brighton home set ablaze http://t.co/gWNRhMSO8k,981162786,1,6.29E+17,FALSE,5,"Sheffield Township, Ohio",778244889,finalized,1,,,,,,,,,
,Relevant,ablaze,8/28/2015 18:20,Police: Arsonist Deliberately Set Black Church In North CarolinaוֺAblaze http://t.co/pcXarbH9An,234802593,1,6.29E+17,FALSE,5,Anaheim,778244893,finalized,1,,,,,,,,,
,Relevant,ablaze,8/29/2015 12:57,TRUCK ABLAZE : R21. VOORTREKKER AVE. OUTSIDE OR TAMBO INTL. CARGO SECTION. http://t.co/8kscqKfKkF,1372525681,1,6.29E+17,FALSE,5,South Africa,778244896,finalized,1,https://twitter.com/crimeairnetwork/status/629274268203921408/photo/1,https://twitter.com/,"REZA on Twitter: ""TRUCK ABLAZE : R21. VOORTREKKER AVE. OUTSIDE OR TAMBO INTL. CARGO SECTION. http://t.co/8kscqKfKkF""",,,,,,
,Relevant,ablaze,8/28/2015 18:23,How the West was burned: Thousands of wildfires ablaze in #California alone http://t.co/iCSjGZ9tE1 #climate #energy http://t.co/9FxmN0l0Bd,15088481,1,6.29E+17,FALSE,5,"Edmonton, Alberta - Treaty 6",778244899,finalized,1,http://mashable.com/2015/08/04/how-the-west-was-burned/#:eyJzIjoidCIsImkiOiJfb2x1YWt4b216enA1eDg0YSJ9,http://mashable.com/,How the West was burned: Thousands of wildfires ablaze in California alone,https://twitter.com/MikeHudema/status/629092800777162752/photo/1,https://twitter.com/,"Mike Hudema on Twitter: ""How the West was burned: Thousands of wildfires ablaze in #California alone http://t.co/iCSjGZ9tE1 #climate #energy http://t.co/9FxmN0l0Bd""",,,
,Relevant,ablaze,8/29/2015 22:02,@Navista7 Steve these fires out here are something else! California is a tinderbox - and this clown was setting my 'hood ablaze @News24680,267306335,1,6.29E+17,FALSE,5,"Concord, CA",778244907,finalized,0,,,,,,,,,
,Relevant,ablaze,8/30/2015 19:39,@nxwestmidlands huge fire at Wholesale markets ablaze http://t.co/rwzbFVNXER,194262917,1,6.29E+17,FALSE,5,Birmingham,778244909,finalized,1,https://twitter.com/dannypurewal/status/629285304680189957/photo/1,https://twitter.com/,"Danny Purewal™ on Twitter: ""@nxwestmidlands huge fire at Wholesale markets ablaze http://t.co/rwzbFVNXER""",,,,,,
,Relevant,accident,9/1/2015 14:07,Accident on I-24 W #NashvilleTraffic. Traffic moving 8m slower than usual. https://t.co/0GHk693EgJ,2888288964,1,6.29E+17,FALSE,5,"Nashville, TN",778244913,finalized,1,"https://www.waze.com/irregular_traffic?bbox=-86.698,36.046,-86.661,36.083&id=1776243774/a03221ed-70af-3049-bac5-a2bceb581187&env=usa",https://www.waze.com/,"Free Community-based GPS, Maps & Traffic Navigation App | Waze",,,,,,
,Relevant,accident,8/28/2015 19:25,Accident center lane blocked in #SantaClara on US-101 NB before Great America Pkwy #BayArea #Traffic http://t.co/pmlOhZuRWR,88956948,1,6.29E+17,FALSE,5,"Santa Clara, CA",778244914,finalized,1,https://www.sigalert.com/Map.asp?region=San+Francisco,https://www.sigalert.com/,Sigalert,,,,,,
,Relevant,accident,8/28/2015 19:14,Accident cleared in #PaTurnpike on PATP EB between PA-18 and Cranberry slow back to #traffic http://t.co/SL0Oqn0Vyr,249858456,1,6.29E+17,FALSE,5,"Homewood, PA",778244915,finalized,1,https://www.sigalert.com/Map.asp?region=Pittsburgh,https://www.sigalert.com/,Sigalert,,,,,,
,Relevant,accident,8/28/2015 18:20,Reported motor vehicle accident in Curry on Herman Rd near Stephenson involving an overturned vehicle. Please use... http://t.co/YbJezKuRW1,2846758043,1,6.29E+17,FALSE,5,"Walker County, Alabama",778244920,finalized,1,https://www.facebook.com/walkercotoday/posts/989409584414327,https://www.facebook.com/,‪Reported motor vehicle accident in Curry... - Walker County Today | פייסבוק‬,,,,,,
,Relevant,accident,8/28/2015 18:23,I-77 Mile Marker 31 South Mooresville  Iredell Vehicle Accident Ramp Closed at 8/6 1:18 PM,67619259,1,6.29E+17,FALSE,5,North Carolina,778244923,finalized,1,,,,,,,,,
,Relevant,accident,8/26/2015 15:56,@Traffic_SouthE @roadpol_east Accident on A27 near Lewes is it Kingston Roundabout rather than A283,604817738,1,6.29E+17,FALSE,5,Bexhill,778244927,finalized,1,,,,,,,,,
,Relevant,accident,8/28/2015 18:20,Traffic accident N CABRILLO HWY/MAGELLAN AV MIR (08/06/15 11:03:58),30528687,1,6.29E+17,FALSE,5,"San Mateo County, CA",778244928,finalized,1,,,,,,,,,
,Relevant,accident,8/28/2015 18:20,I-77 Mile Marker 31 to 40 South Mooresville  Iredell Vehicle Accident Congestion at 8/6 1:18 PM,67591496,1,6.29E+17,FALSE,5,North Carolina,778244929,finalized,1,,,,,,,,,
,Relevant,accident,8/28/2015 18:20,#TruckCrash Overturns On #FortWorth Interstate http://t.co/Rs22LJ4qFp Click here if you've been in a crash&gt;http://t.co/Ld0unIYw4k,284333846,1,6.29E+17,FALSE,5,"Arlington, TX",778244936,finalized,1,http://dfw.cbslocal.com/2015/07/31/big-rig-overturns-on-fort-worth-interstate/,http://dfw.cbslocal.com/,Big Rig Overturns On Fort Worth Interstate « CBS Dallas / Fort Worth,https://www.attorneykohm.com/truck-accident/,https://www.attorneykohm.com/,Truck Accident Lawyer | Attorney Kohm,,,
,Relevant,accident,8/28/2015 18:20,Accident in #Ashville on US 23 SB before SR 752 #traffic http://t.co/hylMo0WgFI,930775286,1,6.29E+17,FALSE,5,"South Bloomfield, OH",778244937,finalized,1,https://www.sigalert.com/Map.asp?region=Columbus,https://www.sigalert.com/,Sigalert,,,,,,
,Relevant,accident,8/26/2015 17:19,On the #M42 northbound between junctions J3 and J3A there are currently delays of 10 mins due to an accident c... http://t.co/LwI3prBa31,2203877580,1,6.29E+17,FALSE,5,"All Motorways, UK",778244940,finalized,1,https://www.motorwaycameras.co.uk/traffic/,https://www.motorwaycameras.co.uk/,"
	Current Motorway Traffic Alerts:  - View live CCTV cameras and traffic news
",,,,,,
,Relevant,accident,8/29/2015 13:04,Carolina accident: Motorcyclist Dies in I-540 Crash With Car That Crossed Median: A motorcycle rider traveling... http://t.co/p18lzRlmy6,80306974,1,6.29E+17,FALSE,5,,778244942,finalized,1,http://carolina.hsinjurylaw.com/blog/motorcyclist-dies-in-i-540-crash-with-car-that-crossed-median.cfm,http://carolina.hsinjurylaw.com/,,,,,,,
,Relevant,accident,8/26/2015 17:19,ACCIDENT - HIT AND RUN - COLD at 500 BLOCK OF SE VISTA TER GRESHAM OR [Gresham Police #PG15000044357] 10:35 #pdx911,1606906374,1,6.29E+17,FALSE,5,"Gresham, OR",778244943,finalized,1,,,,,,,,,
,Relevant,accident,8/26/2015 16:29,FYI CAD:FYI: ;ACCIDENT PROPERTY DAMAGE;NHS;999 PINER RD/HORNDALE DR,161428048,1,6.29E+17,FALSE,5,"New Hanover County, NC",778244944,finalized,1,,,,,,,,,
,Relevant,accident,8/28/2015 20:01,Accident left lane blocked in #Manchester on Rt 293 NB before Eddy Rd stop and go traffic back to NH-3A delay of 4 mins #traffic,249828592,1,6.29E+17,FALSE,5,"Manchester, NH",778244946,finalized,1,,,,,,,,,
,Relevant,accident,8/29/2015 21:39,FYI CAD:FYI: ;ACCIDENT PROPERTY DAMAGE;WPD;1600 S 17TH ST,161428048,1,6.29E+17,FALSE,5,"New Hanover County, NC",778244949,finalized,1,,,,,,,,,
,Relevant,accident,8/26/2015 16:25,8/6/2015@2:09 PM: TRAFFIC ACCIDENT NO INJURY at 2781 WILLIS FOREMAN RD http://t.co/VCkIT6EDEv,167126749,1,6.29E+17,FALSE,5,,778244950,finalized,1,https://www.google.com/maps/search/2781+WILLIS+FOREMAN+RD+AUGUSTA+GA/data=!4m2!2m1!4b1?dg=dbrw&newdg=1,https://www.google.com/,Google Maps,,,,,,
,Relevant,accident,8/26/2015 16:29,Suffield Alberta Accident https://t.co/bPTmlF4P10,17874892,1,6.29E+17,FALSE,5,Alberta | Sask. | Montana,778244952,finalized,1,https://vine.co/v/ewKd3HPUhHb,https://vine.co/,Vine,,,,,,
,Relevant,accident,9/1/2015 19:52,9 Mile backup on I-77 South...accident blocking the Right 2 Lanes at Exit 31 Langtree Rd...consider NC 115 or NC 150 to NC 16 as alternate,434921339,1,6.29E+17,FALSE,5,Charlotte,778244953,finalized,1,,,,,,,,,
,Relevant,accident,8/26/2015 16:31,#BREAKING: there was a deadly motorcycle car accident that happened to #Hagerstown today. I'll have more details at 5 @Your4State. #WHAG,1029544681,1,6.29E+17,FALSE,5,"Hagerstown, MD",778244955,finalized,0,,,,,,,,,
,Relevant,aftershock,8/26/2015 16:00,'When the aftershock happened (Nepal) we were the last int'l team still there; in a way we were 1st responders.' Chief Collins @LACo_FD,1445091542,1,6.29E+17,FALSE,5,California,778244970,finalized,0,,,,,,,,,
,Relevant,airplane%20accident,8/28/2015 19:14,Experts in France begin examining airplane debris found on Reunion Island: French air accident experts on Wedn... http://t.co/bKpFpOGySI,2379923131,1,6.29E+17,FALSE,5,"Palo Alto, CA",778245015,finalized,1,http://www.latimes.com/world/europe/la-fg-experts-france-mh370-20150805-story.html,http://www.latimes.com/,"Reunion Island wing debris is from Flight 370, Malaysia prime minister says - LA Times",,,,,,
,Relevant,airplane%20accident,8/29/2015 1:20,family members of osama bin laden have died in an airplane accident how ironic ?????? mhmmm gov shit i suspect,598752216,1,6.28E+17,FALSE,5,"Spain but Opa-Locka, FL",778245019,finalized,0,,,,,,,,,
,Relevant,airplane%20accident,8/29/2015 22:02,Man Goes into Airplane Engine Accident: http://t.co/TYJxrFd3St via @YouTube,51402035,1,6.27E+17,FALSE,5,"Jaipur, India",778245020,finalized,1,https://www.youtube.com/watch?v=7H8KDs0_j74&feature=youtu.be&a,https://www.youtube.com/,YouTube,,,,,,
,Relevant,airplane%20accident,8/26/2015 16:26,Horrible Accident  Man Died In Wings of Airplane (29-07-2015) http://t.co/i7kZtevb2v,2837777528,1,6.26E+17,FALSE,5,Hyderabad Telangana INDIA,778245021,finalized,0,,,,,,,,,
,Relevant,airplane%20accident,8/26/2015 17:19,@Mintechan Hihow are you? There is Keio line on the stationright? BTW do you know the airplane accident near Chofu airport this week?,3266320064,1,6.27E+17,FALSE,5,,778245023,finalized,0,,,,,,,,,
,Relevant,airplane%20accident,8/26/2015 16:00,A Cessna airplane accident in Ocampo Coahuila Mexico on July 29 2015 killed four men including a State of Coahuila government official.,189228202,1,6.27E+17,FALSE,5,"Eagle Pass, Texas",778245024,finalized,1,,,,,,,,,
,Relevant,airplane%20accident,8/26/2015 16:00,Experts in France begin examining airplane debris found on Reunion Island http://t.co/LsMx2vwr3J French air accident experts on Wednesday‰_,48833593,1,6.29E+17,FALSE,5,Financial News and Views,778245026,finalized,1,,,,,,,,,
,Relevant,airplane%20accident,8/31/2015 7:44,Experts in France begin examining airplane debris found on Reunion Island: French air accident experts on Wednesday began examining t...,805752656,1,6.29E+17,FALSE,5,,778245027,finalized,1,,,,,,,,,
,Relevant,airplane%20accident,8/26/2015 17:19,#KCA #VoteJKT48ID mbataweel: #RIP #BINLADEN Family members who killed in an airplane's accident,1323992516,1,6.27E+17,FALSE,5,Indonesia,778245028,finalized,0,,,,,,,,,
,Relevant,airplane%20accident,8/26/2015 16:29,Mexican airplane accident in Ocampo Coahuila MX on 7/29/25 killed Coahuila government SubSecretariat Francisco Garcia Castells age 42.,189228202,1,6.27E+17,FALSE,5,"Eagle Pass, Texas",778245030,finalized,1,,,,,,,,,
,Relevant,airplane%20accident,8/28/2015 18:23,Experts in France begin examining airplane debris found on Reunion Island: French air accident experts on... http://t.co/TagZbcXFj0 #MLB,82471710,1,6.29E+17,FALSE,5,Somewhere Out There,778245032,finalized,1,http://www.latimes.com/world/europe/la-fg-experts-france-mh370-20150805-story.html,http://www.latimes.com/,"Reunion Island wing debris is from Flight 370, Malaysia prime minister says - LA Times",,,,,,
,Relevant,airplane%20accident,8/29/2015 20:04,Horrible Accident  Man Died In Wings of Airplaneוֺ(29-07-2015) http://t.co/5ZRKZdhODe,3129604099,1,6.26E+17,FALSE,5,,778245033,finalized,0,,,,,,,,,
,Relevant,airplane%20accident,8/29/2015 12:58,"This is unbelievably insane.
#man #airport #airplane #aircraft #aeroplane #runway #accident #freaky‰_ https://t.co/cezhq7CzLl",87189122,1,6.26E+17,FALSE,5,,778245034,finalized,0,,,,,,,,,
,Relevant,airplane%20accident,8/29/2015 4:41,Horrible Accident |  Man Died In Wings of Airplaneוֺ(29-07-2015) http://t.co/wq3wJsgPHL,3129068833,1,6.27E+17,FALSE,5,Mumbai india,778245035,finalized,0,,,,,,,,,
,Relevant,airplane%20accident,8/29/2015 12:59,Usama bin Ladins family dead in airplane crash. Naturally no accident.,1874661786,1,6.28E+17,FALSE,5,Not a U.S resident,778245037,finalized,0,,,,,,,,,
,Relevant,airplane%20accident,8/26/2015 16:26,Pilot Dies In Plane Crash At Car Festival https://t.co/kQ9aE6AP2B via @YouTube #Crash #Aircraft #Airplane #Pilot #Death #Accident #CarFest,2154805898,1,6.28E+17,FALSE,5,,778245038,finalized,1,https://www.youtube.com/watch?v=mExrCo3Gx5c&feature=youtu.be,https://www.youtube.com/,YouTube,,,,,,
,Relevant,airplane%20accident,8/26/2015 16:29,Horrible Accident Man Died In Wings of Airplane (29-07-2015) http://t.co/hG8u2kR1Rq,171830027,1,6.26E+17,FALSE,5,Muscat,778245040,finalized,0,https://www.youtube.com/watch?v=bvWJ-IeSbSw,https://www.youtube.com/,YouTube,,,,,,
,Relevant,airplane%20accident,8/30/2015 1:19,DTN Brazil: Experts in France begin examining airplane debris found on Reunion Island: French air accident exp... http://t.co/M9IG3WQ8Lq,385170781,1,6.29E+17,FALSE,5,Canada,778245042,finalized,1,http://www.latimes.com/world/europe/la-fg-experts-france-mh370-20150805-story.html,http://www.latimes.com/,"Reunion Island wing debris is from Flight 370, Malaysia prime minister says - LA Times",,,,,,
,Relevant,airplane%20accident,8/31/2015 18:48,#UPDATE: Picture from the Penn Twp. airplane accident. http://t.co/6JfgDnZRlC,56485245,1,6.28E+17,FALSE,5,,778245043,finalized,1,https://www.facebook.com/permalink.php?story_fbid=1057626637582004&id=167055599972450,https://www.facebook.com/,‪#UPDATE: Picture from the Penn Twp.... - Kutztown University Radio | פייסבוק‬,,,,,,
,Relevant,airplane%20accident,8/26/2015 17:19,Experts in France begin examining airplane debris found on Reunion Island: French air accident experts on Wedn... http://t.co/v4SMAESLK5,2966178209,1,6.29E+17,FALSE,5,,778245045,finalized,1,http://www.latimes.com/world/europe/la-fg-experts-france-mh370-20150805-story.html,http://www.latimes.com/,"Reunion Island wing debris is from Flight 370, Malaysia prime minister says - LA Times",,,,,,
,Relevant,airplane%20accident,8/28/2015 18:23,Experts in France begin examining airplane debris found on Reunion Island: French air accident experts on Wedn... http://t.co/miw2i0pQxz,2966178209,1,6.29E+17,FALSE,5,,778245050,finalized,1,http://www.latimes.com/world/europe/la-fg-experts-france-mh370-20150805-story.html,http://www.latimes.com/,"Reunion Island wing debris is from Flight 370, Malaysia prime minister says - LA Times",,,,,,
,Relevant,airplane%20accident,8/28/2015 18:20,OMG Horrible Accident Man Died in Wings of Airplane. http://t.co/xDxDPrcPnS,121886515,1,6.26E+17,FALSE,5,India,778245051,finalized,0,,,,,,,,,
,Relevant,airplane%20accident,8/29/2015 10:44,#BreakingNews Experts in France begin examining airplane debris found on Reunion Island: French air accident e...  http://t.co/3XIcUvlvlJ,2349964628,1,6.29E+17,FALSE,5,,778245052,finalized,1,https://www.youtube.com/watch?v=yG08hLEWzyM&moey,https://www.youtube.com/,Solo Violin - Schizophrenia (female string) - YouTube,,,,,,
,Relevant,airplane%20accident,8/26/2015 16:00,"#OMG! I don't believe this. #RIP bro
#AirPlane #Accident #JetEngine #TurboJet #Boing #G90 http://t.co/KXxnSZp6nk",171872537,1,6.27E+17,FALSE,5,92,778245053,finalized,0,https://twitter.com/AwaisBinYounas/status/627150064398434304/video/1,https://twitter.com/,,,,,,,
,Relevant,airplane%20accident,8/28/2015 20:00,Experts in France begin examining airplane debris found on Reunion Island: French air accident experts on Wednesday began examining t...,1012678813,1,6.29E+17,FALSE,5,,778245054,finalized,1,,,,,,,,,
,Relevant,airplane%20accident,8/26/2015 15:56,Experts in France begin examining airplane debris found on Reunion Island: French air accident experts on Wedn...  http://t.co/KuBsM16OuD,2312887011,1,6.29E+17,FALSE,5,France,778245055,finalized,1,,,,,,,,,
,Relevant,airplane%20accident,9/1/2015 16:08,airplane crashes on house in Colombia 12 people die in accident https://t.co/ZhJlfLBHZL,12380812,1,6.27E+17,FALSE,5,italy,778245059,finalized,1,https://twitter.com/emergenza24/status/627350581196107776,https://twitter.com/,"Emergenza24 on Twitter: ""UPDATE [01.08-07:30] FOTO #Codazzi #Cesar #Colombia #incidente #aereo militare CASA CN-235 12 morti http://t.co/xZDoIcbX9q""",,,,,,
,Relevant,airplane%20accident,8/26/2015 15:56,The shooting or the airplane accident  https://t.co/iECc1JDOub,2743225157,1,6.29E+17,FALSE,5,nyc,778245060,finalized,1,https://twitter.com/greysquestions/status/616341164505993216,https://twitter.com/,"grey's questions on Twitter: ""most emotional episode?""",,,,,,
,Relevant,ambulance,8/30/2015 17:05,http://t.co/AY6zzcUpnz Twelve feared killed in Pakistani air ambulance helicopter crash http://t.co/sC9dNS41Mc,1661247482,1,6.29E+17,FALSE,5,Jackson,778245063,finalized,1,http://batidodeproteina.com/,http://batidodeproteina.com/,Batido de proteina - Batidos de proteinas,http://reuters.us.feedsportal.com/c/35217/f/654198/s/48c47540/sc/3/l/0L0Sreuters0N0Carticle0C20A150C0A80C0A60Cus0Epakistan0Ecrash0EidUSKCN0AQB1WN20A150A80A60DfeedType0FRSS0GfeedName0FworldNews/story01.htm?utm_source=feedburner&utm_medium=feed&utm_campaign=Feed%3A+Reuters%2FworldNews+%28Reuters+World+News%29,http://reuters.us.feedsportal.com/,None,,,
,Relevant,ambulance,9/1/2015 16:59,Two air ambulances on scene of serious crash between two cars and lorry in ... - http://t.co/9pFEaQeSki http://t.co/fntG70rnkx | #EMSNe‰_,2252685866,1,6.29E+17,FALSE,5,New York / Worldwide,778245064,finalized,1,,,,,,,,,
,Relevant,ambulance,8/28/2015 17:13,Twelve feared killed in Pakistani air ambulance helicopter crash - Reuters http://t.co/mDnUGVuBwN #yugvani,2524463646,1,6.29E+17,FALSE,5,,778245065,finalized,1,http://www.reuters.com/article/us-pakistan-crash-idUSKCN0QB1WN20150806,http://www.reuters.com/,Twelve feared killed in Pakistani air ambulance helicopter crash | Reuters,,,,,,
,Relevant,ambulance,8/27/2015 23:27,Twelve feared killed in Pakistani air ambulance helicopter crash http://t.co/zdsug0UjS7,160069354,1,6.29E+17,FALSE,5,"Istanbul, Tּ_rkiye",778245066,finalized,1,http://uk.reuters.com/article/uk-pakistan-crash-idUKKCN0QB1WJ20150806,http://uk.reuters.com/,Twelve feared killed in Pakistani air ambulance helicopter crash | Reuters,,,,,,
,Relevant,ambulance,8/27/2015 16:09,Twelve feared killed in Pakistani air ambulance helicopter crash http://t.co/Xum8YLcb4Q,831632904,1,6.29E+17,FALSE,5,,778245069,finalized,1,http://reuters.us.feedsportal.com/c/35217/f/654198/s/48c47540/sc/3/l/0L0Sreuters0N0Carticle0C20A150C0A80C0A60Cus0Epakistan0Ecrash0EidUSKCN0AQB1WN20A150A80A60DfeedType0FRSS0GfeedName0FworldNews/story01.htm?utm_source=feedburner&utm_medium=feed&utm_campaign=Feed%3A+Reuters%2FworldNews+%28Reuters+World+News%29,http://reuters.us.feedsportal.com/,None,,,,,,
,Relevant,ambulance,9/2/2015 8:54,#news Twelve feared killed in Pakistani air ambulance helicopter crash http://t.co/bFeS5tWBzt #til_now #DNA,210727757,1,6.29E+17,FALSE,5,,778245077,finalized,1,http://www.dnaindia.com/world/report-twelve-feared-killed-in-pakistani-air-ambulance-helicopter-crash-2111800?utm_source=dlvr.it&utm_medium=twitter,http://www.dnaindia.com/,,,,,,,
,Relevant,ambulance,9/1/2015 6:44,http://t.co/7xGLah10zL Twelve feared killed in Pakistani air ambulance helicopter crash http://t.co/THmblAATzP,1661213682,1,6.29E+17,FALSE,5,Amsterdam,778245078,finalized,1,http://batidodeproteina.com/,http://batidodeproteina.com/,Batido de proteina - Batidos de proteinas,http://reuters.us.feedsportal.com/c/35217/f/654198/s/48c47540/sc/3/l/0L0Sreuters0N0Carticle0C20A150C0A80C0A60Cus0Epakistan0Ecrash0EidUSKCN0AQB1WN20A150A80A60DfeedType0FRSS0GfeedName0FworldNews/story01.htm?utm_source=feedburner&utm_medium=feed&utm_campaign=Feed%3A+Reuters%2FworldNews+%28Reuters+World+News%29,http://reuters.us.feedsportal.com/,None,,,
,Relevant,ambulance,8/28/2015 11:30,Pakistan air ambulance helicopter crash kills nine http://t.co/8E7rY8eBMf,2773297820,1,6.29E+17,FALSE,5,,778245082,finalized,1,http://economictimes.indiatimes.com/news/international/world-news/pakistan-air-ambulance-helicopter-crash-kills-nine/articleshow/48381274.cms,http://economictimes.indiatimes.com/,,,,,,,
,Relevant,ambulance,8/28/2015 7:34,http://t.co/FCqmKFfflW Twelve feared killed in Pakistani air ambulance helicopter crash http://t.co/vAyaYmbNgu,1661248100,1,6.29E+17,FALSE,5,,778245085,finalized,1,http://gamesgta5.com/,http://gamesgta5.com/,www.gta5cash.net UNLIMITED GTA 5 Online Money and RP Giveaway,http://reuters.us.feedsportal.com/c/35217/f/654198/s/48c47540/sc/3/l/0L0Sreuters0N0Carticle0C20A150C0A80C0A60Cus0Epakistan0Ecrash0EidUSKCN0AQB1WN20A150A80A60DfeedType0FRSS0GfeedName0FworldNews/story01.htm?utm_source=feedburner&utm_medium=feed&utm_campaign=Feed%3A+Reuters%2FworldNews+%28Reuters+World+News%29,http://reuters.us.feedsportal.com/,None,,,
,Relevant,ambulance,9/1/2015 15:45,Twelve feared killed in Pakistani air ambulance helicopter crash http://t.co/3bRme6Sn4t,115635458,1,6.29E+17,FALSE,5,Karachi,778245086,finalized,1,http://www.channelnewsasia.com/news/asiapacific/twelve-feared-killed-in-p/2034628.html,http://www.channelnewsasia.com/,,,,,,,
,Relevant,ambulance,9/1/2015 14:11,#reuters Twelve feared killed in Pakistani air ambulance helicopter crash http://t.co/ShzPyIQok5,18270633,1,6.29E+17,FALSE,5,,778245092,finalized,1,http://reuters.us.feedsportal.com/c/35217/f/654198/s/48c47540/sc/3/l/0L0Sreuters0N0Carticle0C20A150C0A80C0A60Cus0Epakistan0Ecrash0EidUSKCN0AQB1WN20A150A80A60DfeedType0FRSS0GfeedName0FworldNews/story01.htm?utm_source=feedburner&utm_medium=feed&utm_campaign=Feed%3A+Reuters%2FworldNews+%28Reuters+World+News%29,http://reuters.us.feedsportal.com/,None,,,,,,
,Relevant,ambulance,8/27/2015 16:05,http://t.co/pWwpUm6RBj Twelve feared killed in Pakistani air ambulance helicopter crash http://t.co/ySpON4d6Qo,3238774845,1,6.29E+17,FALSE,5,L. A.,778245093,finalized,1,http://mismejoresremedioscaseros.com/,http://mismejoresremedioscaseros.com/,Remedios caseros - Mis mejores remedios caseros,http://reuters.us.feedsportal.com/c/35217/f/654198/s/48c47540/sc/3/l/0L0Sreuters0N0Carticle0C20A150C0A80C0A60Cus0Epakistan0Ecrash0EidUSKCN0AQB1WN20A150A80A60DfeedType0FRSS0GfeedName0FworldNews/story01.htm?utm_source=feedburner&utm_medium=feed&utm_campaign=Feed%3A+Reuters%2FworldNews+%28Reuters+World+News%29,http://reuters.us.feedsportal.com/,None,,,
,Relevant,ambulance,8/29/2015 10:12,http://t.co/FueRk0gWui Twelve feared killed in Pakistani air ambulance helicopter crash http://t.co/Mv7GgGlmVc,1661214720,1,6.29E+17,FALSE,5,Lexington,778245099,finalized,1,http://gamesgta5.com/,http://gamesgta5.com/,www.gta5cash.net UNLIMITED GTA 5 Online Money and RP Giveaway,http://reuters.us.feedsportal.com/c/35217/f/654198/s/48c47540/sc/3/l/0L0Sreuters0N0Carticle0C20A150C0A80C0A60Cus0Epakistan0Ecrash0EidUSKCN0AQB1WN20A150A80A60DfeedType0FRSS0GfeedName0FworldNews/story01.htm?utm_source=feedburner&utm_medium=feed&utm_campaign=Feed%3A+Reuters%2FworldNews+%28Reuters+World+News%29,http://reuters.us.feedsportal.com/,None,,,
,Relevant,ambulance,8/31/2015 4:41,http://t.co/X5YEUYLT1X Twelve feared killed in Pakistani air ambulance helicopter crash http://t.co/2UgrMd1z1n,3252836584,1,6.29E+17,FALSE,5,,778245101,finalized,1,http://funnygamesland.com/,http://funnygamesland.com/,Home - Funny Games Land,http://reuters.us.feedsportal.com/c/35217/f/654198/s/48c47540/sc/3/l/0L0Sreuters0N0Carticle0C20A150C0A80C0A60Cus0Epakistan0Ecrash0EidUSKCN0AQB1WN20A150A80A60DfeedType0FRSS0GfeedName0FworldNews/story01.htm?utm_source=feedburner&utm_medium=feed&utm_campaign=Feed%3A+Reuters%2FworldNews+%28Reuters+World+News%29,http://reuters.us.feedsportal.com/,None,,,
,Relevant,ambulance,8/27/2015 16:02,Twelve feared killed in Pakistani air ambulance helicopter crash http://t.co/TH9YwBbeet #worldNews,2228864000,1,6.29E+17,FALSE,6,USA,778245103,finalized,1,http://cur.lv/ostme,http://cur.lv/,CoinURL - Redirect,,,,,,
,Relevant,ambulance,8/31/2015 4:41,http://t.co/B2FaSrt1tN Twelve feared killed in Pakistani air ambulance helicopter crash http://t.co/O8BJXnEPQm,3196854005,1,6.29E+17,FALSE,5,,778245104,finalized,1,,,,,,,,,
,Relevant,ambulance,8/27/2015 19:39,Twelve feared killed in Pakistani air ambulance helicopter crash http://t.co/X2Qsjod40u #worldnews,9567382,1,6.29E+17,FALSE,5,"Hannover, Germany",778245105,finalized,1,http://reuters.us.feedsportal.com/c/35217/f/654198/s/48c47540/sc/3/l/0L0Sreuters0N0Carticle0C20A150C0A80C0A60Cus0Epakistan0Ecrash0EidUSKCN0AQB1WN20A150A80A60DfeedType0FRSS0GfeedName0FworldNews/story01.htm?utm_source=feedburner&utm_medium=twitter&utm_campaign=Feed%3A+Reuters%2FworldNews+%28Reuters+World+News%29,http://reuters.us.feedsportal.com/,None,,,,,,
,Relevant,ambulance,8/29/2015 23:14,http://t.co/J8TYT1XRRK Twelve feared killed in Pakistani air ambulance helicopter crash http://t.co/9d4nAzOI94,3246064341,1,6.29E+17,FALSE,5,Playa,778245109,finalized,1,http://mismejoresremedioscaseros.com/,http://mismejoresremedioscaseros.com/,Remedios caseros - Mis mejores remedios caseros,http://reuters.us.feedsportal.com/c/35217/f/654198/s/48c47540/sc/3/l/0L0Sreuters0N0Carticle0C20A150C0A80C0A60Cus0Epakistan0Ecrash0EidUSKCN0AQB1WN20A150A80A60DfeedType0FRSS0GfeedName0FworldNews/story01.htm?utm_source=feedburner&utm_medium=feed&utm_campaign=Feed%3A+Reuters%2FworldNews+%28Reuters+World+News%29,http://reuters.us.feedsportal.com/,None,,,
,Relevant,annihilated,8/27/2015 23:53,Cop pulls drunk driver to safety SECONDS before his car is hit by train. http://t.co/cTL5xzIHxAוֺ http://t.co/1kDOZTD9mv via @ViralSpell,95245998,1,6.29E+17,FALSE,5,San Diego,778245120,finalized,1,,,,,,,,,
,Relevant,annihilated,8/27/2015 23:53,Cop pulls drunk driver to safety SECONDS before his car is hit by train. http://t.co/tHrhKHOGcUוֺ http://t.co/tZSZmF2qxE via @ViralSpell,88057649,1,6.29E+17,FALSE,5,Boston,778245126,finalized,1,,,,,,,,,
,Relevant,annihilated,8/29/2015 20:47,"Aug 3 1915‰׃KAISERJAEGERS WIPED OUT.; Francis Joseph's Crack Regiment Annihilated on Carso Plateau.
http://t.co/D1sPSwl66H",1483470775,1,6.29E+17,FALSE,5,,778245142,finalized,1,,,,,,,,,
,Relevant,annihilated,8/29/2015 14:46,Cop pulls drunk driver to safety SECONDS before his car is hit by train. http://t.co/F1BAkpNyn6וֺ http://t.co/lZXwoAyE4x via @ViralSpell,245002421,1,6.29E+17,FALSE,5,,778245154,finalized,1,,,,,,,,,
,Relevant,annihilated,8/28/2015 20:10,"ANNIHILATED IN DAMASCUS: SYRIAN ARMY GRINDS ‰קALLOOSH AND HIS GANG INTO THE MANURE PILE
http://t.co/7rakhP3bWm",1672386103,1,6.29E+17,FALSE,5,Swaning Around,778245156,finalized,1,,,,,,,,,
,Relevant,annihilation,8/29/2015 20:22,U.S National Park Services Tonto National Forest: Stop the Annihilation of the Salt River Wild Horse... https://t.co/sW1sBua3mN via @Change,368477622,1,6.29E+17,FALSE,5,CA physically- Boston Strong?,778245172,finalized,1,https://www.change.org/p/stop-the-annihilation-of-the-salt-river-wild-horses?recruiter=44607244&utm_source=share_petition&utm_medium=twitter&utm_campaign=share_twitter_responsive,https://www.change.org/,,,,,,,
,Relevant,annihilation,8/29/2015 18:36,U.S National Park Services Tonto National Forest: Stop the Annihilation of the Salt River Wild Horse... http://t.co/KPQk0C4G0M via @Change,388943168,1,6.29E+17,FALSE,5,,778245176,finalized,1,http://linkis.com/www.change.org/p/Bc6uu,http://linkis.com/,Petition · Stop the Annihilation of the Salt River Wild Horses · Change.org - Linkis.com,,,,,,
,Relevant,annihilation,8/29/2015 12:49,U.S National Park Services Tonto National Forest: Stop the Annihilation of the Salt River Wild Horse... https://t.co/d82wlcP49S via @Change,242877012,1,6.29E+17,FALSE,5,U.S.A.,778245193,finalized,1,https://www.change.org/p/stop-the-annihilation-of-the-salt-river-wild-horses?recruiter=356475100&utm_source=share_petition&utm_medium=twitter&utm_campaign=share_twitter_responsive,https://www.change.org/,,,,,,,
,Relevant,annihilation,9/1/2015 16:59,U.S National Park Services Tonto National Forest: Stop the Annihilation of the Salt River Wild Horse... http://t.co/SB5R7ShcCJ via @Change,976965979,1,6.29E+17,FALSE,5,"Chandler, AZ",778245210,finalized,1,https://www.change.org/p/stop-the-annihilation-of-the-salt-river-wild-horses?recruiter=9215740&utm_campaign=signature_receipt_twitter_dialog&utm_medium=twitter&utm_source=share_petition,https://www.change.org/,,,,,,,
,Relevant,apocalypse,8/29/2015 12:06,There's a Storm over Cairo in the latest 'X-Men Apocalypse' set photo https://t.co/fS012trUDG via @YahooTV,30800234,1,6.29E+17,FALSE,5,Buffalo NY,778245248,finalized,0,https://www.yahoo.com/tv/theres-storm-over-cairo-latest-173000148.html?soc_src=unv-sh&soc_trk=tw,https://www.yahoo.com/,,,,,,,
,Relevant,armageddon,8/29/2015 12:07,#Turkey invades #Israel - Halfway to #Armageddon http://t.co/xUOh3sJNXF,2800523707,1,6.29E+17,FALSE,5,,778245289,finalized,0,https://www.amazon.com/Turkey-invades-Israel-Halfway-Armageddon-ebook/dp/B00BBQH98S,https://www.amazon.com/,Turkey invades Israel: Halfway to Armageddon (High Time to Awake Book 4) - Kindle edition by Craig C. White. Religion & Spirituality Kindle eBooks @ Amazon.com.,,,,,,
,Relevant,armageddon,8/27/2015 22:48,@Erker Again?? Eep! Thought of you yesterday when I saw that hella scary hail. #armageddon?,23352691,1,6.29E+17,FALSE,5,"Toronto, ON",778245294,finalized,0,,,,,,,,,
,Relevant,army,8/29/2015 12:49,VICTORINOX SWISS ARMY DATE WOMEN'S RUBBER MOP WATCH 241487 http://t.co/q6VCJaTfjx http://t.co/m1cpEw7kbh,3145965045,1,6.29E+17,FALSE,5,,778245331,finalized,1,http://ww35.special-computer-deals-recommended-auction.newoffers.info/buy/01/?query=381353863462,http://ww35.special-computer-deals-recommended-auction.newoffers.info/,,,,,,,
,Relevant,arson,8/28/2015 7:33,Cheesehead Report - Arson charges filed in Jackson County house fire http://t.co/I3Y1ZWjBzO,3115226831,1,6.29E+17,FALSE,5,,778245363,finalized,1,,,,,,,,,
,Relevant,arson,8/30/2015 8:29,Arson suspect linked to 30 fires caught in Northern California http://t.co/z8tlcAdKOw,16664681,1,6.29E+17,FALSE,5,"Los Angeles, CA",778245364,finalized,1,http://www.latimes.com/local/lanow/la-me-ln-alleged-serial-arsonist-caught-northern-california-20150805-story.html,http://www.latimes.com/,Arson suspect linked to 30 fires caught in Northern California - LA Times,,,,,,
,Relevant,arson,8/29/2015 23:59,Israeli police unable to solve the case of Duma arson attack http://t.co/WtZgXzaf7Z,352241186,1,6.29E+17,FALSE,5,,778245365,finalized,1,http://english.pnn.ps/2015/08/05/israeli-police-unable-to-solve-the-case-of-duma-arson-attack/,http://english.pnn.ps/,,,,,,,
,Relevant,arson,8/28/2015 7:32,Thousands attend a rally organized by Peace Now protesting the arson attack that took the life of an http://t.co/bvCKd9pdTi,12677142,1,6.29E+17,FALSE,5,USA,778245367,finalized,1,https://www.pinterest.com/pin/161144492894108370/,https://www.pinterest.com/,"Thousands attend a rally organized by Peace Now protesting the arson attack that took the life of an 18-month-old Palestinian baby, Rabin Square, T… | Pinteres…",,,,,,
,Relevant,arson,8/27/2015 17:33,"SHOCK REPORT: Muslims Setting Wildfires Across American West...Arson Jihad!

http://t.co/92F4nKxjIu",3266856037,1,6.29E+17,FALSE,5,"Las Vegas, NV",778245369,finalized,0,https://www.redflagnews.com/headlines/u-r-g-e-n-t-terrorists-may-be-setting-wildfires-across-american-west,https://www.redflagnews.com/,SHOCK REPORT: Terrorists May Be Setting Wildfires Across American West... | RedFlagNews.com,,,,,,
,Relevant,arson,9/1/2015 13:22,#BreakingNews Mourning notices for stabbing arson victims stir ‰קpolitics of grief‰× in Israel: Posters f... http://t.co/KTKDrGVHgX #rome,359164272,1,6.29E+17,FALSE,5,ITUNES RADIO [Hiphop/Rap],778245371,finalized,1,,,,,,,,,
,Relevant,arson,9/1/2015 17:55,Los Angeles Times: Arson suspect linked to 30 fires caught in Northern ... - http://t.co/xwMs1AWW8m #NewsInTweets http://t.co/TE2YeRugsi,1862901781,1,6.29E+17,FALSE,5,,778245374,finalized,1,,,,,,,,,
,Relevant,arson,9/2/2015 2:53,Mourning notices for stabbing arson victims stir ‰קpolitics of grief‰× in Israel http://t.co/eug6zHciun,1668648710,1,6.29E+17,FALSE,5,,778245375,finalized,1,,,,,,,,,
,Relevant,arson,9/1/2015 15:49,Mourning notices for stabbing arson victims stir ‰קpolitics of grief‰× in Israel http://t.co/KkbXIBlAH7,486265277,1,6.29E+17,FALSE,5,Jerusalem,778245376,finalized,1,,,,,,,,,
,Relevant,arson,9/1/2015 13:40,Arson suspect linked to 30 fires caught in Northern California http://t.co/EJ2GHNAfHY,2896539479,1,6.29E+17,FALSE,5,Republic of Texas,778245381,finalized,1,https://flipboard.com/@flipboard/-arson-suspect-linked-to-30-fires-caught/a-f2VQkf2TRkm69JU2aKdkcw%3Aa%3A43591897-a5c8ec51fe%2Flatimes.com,https://flipboard.com/,Flipboard on Flipboard,,,,,,
,Relevant,arson,8/28/2015 20:40,Trial Date Set for Man Charged with Arson Burglary http://t.co/WftCrLz32P,552348772,1,6.29E+17,FALSE,5,,778245383,finalized,1,http://www.tristatehomepage.com/story/d/story/-/V9HqdylW9kKkTdO7TXl4_w,http://www.tristatehomepage.com/,,,,,,,
,Relevant,arson,8/30/2015 9:06,Palestinian Teen Killed Amid Protests Against Arson Attack http://t.co/okVsImoGic,12677142,1,6.29E+17,FALSE,5,USA,778245385,finalized,1,https://www.pinterest.com/pin/161144492894108323/,https://www.pinterest.com/,Palestinian Teen Killed Amid Protests Against Arson Attack | Photojournalism | Pinterest | Palestine,,,,,,
,Relevant,arson,8/28/2015 5:40,Fire That Destroyed Charlton Winery Ruled To Be Arson http://t.co/4a9l0jrMYB,45261535,1,6.29E+17,FALSE,5,USA,778245388,finalized,1,http://oil.fuelspace.com/2015/08/05/fire-that-destroyed-charlton-winery-ruled-to-be-arson/,http://oil.fuelspace.com/,Fire That Destroyed Charlton Winery Ruled To Be Arson | Fuel Saver News: Save on Gas,,,,,,
,Relevant,arson,9/2/2015 6:53,RelaxInPR: miprv: RT latimes: Arson suspect linked to 30 fires caught in Northern California http://t.co/ylhAyfaOOu,3130910685,1,6.29E+17,FALSE,5,"Miami,FL",778245391,finalized,1,http://www.latimes.com/local/lanow/la-me-ln-alleged-serial-arsonist-caught-northern-california-20150805-story.html,http://www.latimes.com/,Arson suspect linked to 30 fires caught in Northern California - LA Times,,,,,,
,Relevant,arson,9/1/2015 12:03,Mourning notices for stabbing arson victims stir ‰קpolitics of grief‰× in Israel http://t.co/Q4L7Dg56JM,486261869,1,6.29E+17,FALSE,5,,778245396,finalized,1,,,,,,,,,
,Relevant,arson,8/28/2015 7:52,Man charged in connection to Shawnee arson and burglary: OLATHE Kan. ‰׃ A man was in court Wednesday accused of‰_ http://t.co/zcXmQoKtZ1,2338757244,1,6.29E+17,FALSE,5,"Lawrence, KS",778245398,finalized,1,,,,,,,,,
,Relevant,arson,8/28/2015 20:37,Mourning notices for stabbing arson victims stir ‰קpolitics of grief‰× in Israel http://t.co/GbluHRrlto,432557320,1,6.29E+17,FALSE,5,"Jerusalem, Israel",778245400,finalized,1,,,,,,,,,
,Relevant,arson,8/28/2015 11:42,960KZIM: Steele police arrest 2 in possible arson investigation https://t.co/w6ZbWryqjC,1402533342,1,6.29E+17,FALSE,5,,778245402,finalized,1,https://twitter.com/960KZIM/status/629087230858887168,https://twitter.com/,"KZIM KSIM on Twitter: ""Steele police arrest 2 in possible arson investigation  http://t.co/8n9GDPVKxX""",,,,,,
,Relevant,arson,8/30/2015 18:36,Arson suspect linked to 30 fires caught in Northern California http://t.co/wnuqQAtTTP (via @latimes),16794982,1,6.29E+17,FALSE,5,"Menasha, WI",778245404,finalized,1,http://www.latimes.com/local/lanow/la-me-ln-alleged-serial-arsonist-caught-northern-california-20150805-story.html,http://www.latimes.com/,Arson suspect linked to 30 fires caught in Northern California - LA Times,,,,,,
,Relevant,arson,8/28/2015 7:32,Arson suspect linked to 30 fires caught in Northern California http://t.co/HkFPyNb4PS,21538653,1,6.29E+17,FALSE,5,,778245406,finalized,1,https://flipboard.com/@flipboard/-arson-suspect-linked-to-30-fires-caught/a-f2VQkf2TRkm69JU2aKdkcw%3Aa%3A43591897-a5c8ec51fe%2Flatimes.com,https://flipboard.com/,Flipboard on Flipboard,,,,,,
,Relevant,arson,8/29/2015 12:34,RT @TheAdvocateMag: Owner of Chicago-Area Gay Bar Admits to Arson Scheme http://t.co/wHTMwtgROJ #p2 #LGBT,17643749,1,6.29E+17,FALSE,5,Reality Based World,778245407,finalized,1,https://www.advocate.com/crime/2015/08/05/owner-chicago-area-gay-bar-admits-arson-scheme?utm_medium=twitter&utm_source=twitterfeed,https://www.advocate.com/,,,,,,,
,Relevant,arson,8/29/2015 12:02,Arson suspect linked to 30 fires caught in Northern California - Los Angeles Times http://t.co/PrRB4fhXtv,621205847,1,6.29E+17,FALSE,5,,778245408,finalized,1,http://www.latimes.com/local/lanow/la-me-ln-alleged-serial-arsonist-caught-northern-california-20150805-story.html,http://www.latimes.com/,Arson suspect linked to 30 fires caught in Northern California - LA Times,,,,,,
,Relevant,arson,8/27/2015 16:03,Arson suspect linked to 30 fires caught in Northern California http://t.co/u1fuWrGK5U,950426113,1,6.29E+17,FALSE,6,,778245410,finalized,1,http://www.latimes.com/local/lanow/la-me-ln-alleged-serial-arsonist-caught-northern-california-20150805-story.html,http://www.latimes.com/,Arson suspect linked to 30 fires caught in Northern California - LA Times,,,,,,
,Relevant,arson,8/30/2015 1:48,Mourning notices for stabbing arson victims stir ‰קpolitics of grief‰× in Israel: Posters for Shira Banki and A... http://t.co/6o92wDfcLu,38475547,1,6.29E+17,FALSE,5,,778245411,finalized,1,,,,,,,,,
,Relevant,arsonist,8/27/2015 14:44,Alleged East Bay serial arsonist arrested http://t.co/WR48AQTUm7,1179710990,1,6.29E+17,FALSE,5,Earth,778245416,finalized,1,http://www.occuworld.org,http://www.occuworld.org/,OccuWorld  Global Truth Magazine,,,,,,
,Relevant,arsonist,8/29/2015 12:08,Arsonist Sets NYC Vegetarian Restaurant on Fire: Police #NewYork - http://t.co/agn4cL4uSK,205511358,1,6.29E+17,FALSE,5,USA,778245421,finalized,1,,,,,,,,,
,Relevant,arsonist,8/29/2015 8:07,Arson suspect linked to 30 fires caught in Northern California http://t.co/mmGsyAHDzb,30386602,1,6.29E+17,FALSE,5,Bleak House,778245422,finalized,1,http://www.latimes.com/local/lanow/la-me-ln-alleged-serial-arsonist-caught-northern-california-20150805-story.html,http://www.latimes.com/,Arson suspect linked to 30 fires caught in Northern California - LA Times,,,,,,
,Relevant,arsonist,8/29/2015 12:04,#Arsonist arrested for setting many fires. WATCH tonight‰×s other #headlines: http://t.co/sqgogJ3S5r. #Nightbeat @VeronicaDLCruz #2MinuteMix,2872071547,1,6.29E+17,FALSE,5,SF Bay Area,778245430,finalized,1,,,,,,,,,
,Relevant,arsonist,8/29/2015 22:57,suspected serial arsonist in east bay under arrest @christinKPIX5 @NightBeatTV 10pm @KBCWtv @VeronicaDLCruz,535907508,1,6.29E+17,FALSE,5,San Francisco,778245436,finalized,1,,,,,,,,,
,Relevant,arsonist,8/28/2015 1:38,Arsonist Sets NYC Vegetarian Restaurant on Fire: Police #NewYork - http://t.co/Nr7usT3uh8,198587256,1,6.29E+17,FALSE,5,New York,778245451,finalized,1,,,,,,,,,
,Relevant,arsonist,8/31/2015 8:31,Arson suspect linked to 30 fires caught in Northern California https://t.co/emsXyWp5s5,1522430568,1,6.29E+17,FALSE,5,Fresno,778245461,finalized,1,http://www.latimes.com/local/lanow/la-me-ln-alleged-serial-arsonist-caught-northern-california-20150805-story.html,http://www.latimes.com/,Arson suspect linked to 30 fires caught in Northern California - LA Times,,,,,,
,Relevant,attack,8/31/2015 2:11,http://t.co/pTKrXtZjtV  Nashville Theater Attack: Will Gun Grabbers Now Demand ‰ֿHatchet Control?‰,32892321,1,6.29E+17,FALSE,5,,778245467,finalized,0,,,,,,,,,
,Relevant,attack,8/27/2015 16:03,"BREAKING: Terror Attack On
Police Post #Udhampur",427223861,1,6.29E+17,FALSE,6,Location,778245468,finalized,1,,,,,,,,,
,Relevant,attack,8/29/2015 10:14,ISIL claims suicide bombing at Saudi mosque that killed at least 15 http://t.co/Y8IcF89H6w http://t.co/t9MSnZV1Kb,3227742764,1,6.29E+17,FALSE,5,,778245471,finalized,1,http://alj.am/nlbx,http://alj.am/,,,,,,,
,Relevant,attack,8/28/2015 6:14,‰×93 blasts accused Yeda Yakub dies in Karachi of heart attack http://t.co/mfKqyxd8XG #Mumbai,54523485,1,6.29E+17,FALSE,5,,778245474,finalized,1,,,,,,,,,
,Relevant,attack,8/27/2015 23:53,BREAKING: Obama Officials GAVE Muslim Terrorist the Weapon Used in Texas Attack http://t.co/qi8QDw5dFG,155766124,1,6.29E+17,FALSE,5,Seattle WA,778245478,finalized,1,http://www.jewsnews.co.il/2015/08/04/breaking-obama-officials-gave-muslim-terrorist-the-weapon-used-in-texas-attack.html,http://www.jewsnews.co.il/,,,,,,,
,Relevant,attack,8/29/2015 1:02,Delhi Government to Provide Free Treatment to Acid Attack Victims in Private Hospitals http://t.co/H6PM1W7elL,731019582,1,6.29E+17,FALSE,5,,778245480,finalized,1,http://www.ndtv.com/delhi-news/delhi-government-to-provide-free-treatment-to-acid-attack-victims-in-private-hospitals-1204647,http://www.ndtv.com/,Delhi Government to Provide Free Treatment to Acid Attack Victims in Private Hospitals,,,,,,
,Relevant,attack,8/29/2015 10:40,Israeli forces raid home of alleged car attack suspect http://t.co/3GVUS8NPpy #palestine,30878232,1,6.29E+17,FALSE,5,"West Bank, Gaza Strip",778245483,finalized,1,http://www.maannews.com/Content.aspx?ID=766903&utm_medium=twitter&utm_source=twitterfeed,http://www.maannews.com/,,,,,,,
,Relevant,attack,8/31/2015 2:05,Suspect in latest US theatre attack had psychological issues http://t.co/TvsvjuAVif http://t.co/npovfR4rGo,3315189844,1,6.29E+17,FALSE,5,,778245489,finalized,1,https://www.insidehalton.com/news-story/5786330-movie-theater-attacker-may-have-planned-to-set-off-explosion/?utm_source=dlvr.it&utm_medium=twitter,https://www.insidehalton.com/,Movie-theater attacker may have planned to set off explosion | InsideHalton.com,https://twitter.com/connectlocal/status/629358596464214016/photo/1,https://twitter.com/,"connectLocal on Twitter: ""Suspect in latest US theatre attack had psychological issues http://t.co/TvsvjuAVif http://t.co/npovfR4rGo""",,,
,Relevant,attack,8/27/2015 17:33,Police: Assailant in latest US movie theatre attack was homeless had psychological issues http://t.co/zdCvlYq6qK,2337544130,1,6.29E+17,FALSE,5,,778245493,finalized,1,https://ca.news.yahoo.com/police-assailant-latest-movie-theatre-attack-homeless-had-084330690.html,https://ca.news.yahoo.com/,,,,,,,
,Relevant,attack,8/27/2015 15:58,Suspect in latest US theatre attack had psychological issues http://t.co/OnPnBx0ZEx http://t.co/uM5IcN5Et2,1465698223,1,6.29E+17,FALSE,6,"Halton, Ontario",778245496,finalized,1,https://www.insidehalton.com/news-story/5786330-movie-theater-attacker-may-have-planned-to-set-off-explosion/?utm_source=dlvr.it&utm_medium=twitter,https://www.insidehalton.com/,Movie-theater attacker may have planned to set off explosion | InsideHalton.com,https://twitter.com/InsideHalton/status/629358590646743041/photo/1,https://twitter.com/,"Metroland West on Twitter: ""Suspect in latest US theatre attack had psychological issues http://t.co/OnPnBx0ZEx http://t.co/uM5IcN5Et2""",,,
,Relevant,attack,8/27/2015 17:33,Strongly condemn attack on ARY news team in Karachi. A cowardly act against those simply trying to do their job!,3332582999,1,6.29E+17,FALSE,5,FIMAK A.S Ist Bolge Muduru,778245499,finalized,0,,,,,,,,,
,Relevant,attack,9/2/2015 6:44,Nashville Theater Attack: Will Gun Grabbers Now Demand ‰ֿHatchet Control?‰  http://t.co/OyoGII97yH,892501837,1,6.29E+17,FALSE,5,,778245500,finalized,0,,,,,,,,,
,Relevant,attack,8/31/2015 17:19,A Dayton-area org tells me it was hit by a cyber attack: http://t.co/7LhKJz0IVO,1327133264,1,6.29E+17,FALSE,5,"Dayton, Ohio",778245504,finalized,0,https://www.bizjournals.com/dayton/news/2015/08/06/cyber-attack-hits-dayton-areaorganization.html,https://www.bizjournals.com/,,,,,,,
,Relevant,attack,8/29/2015 11:40,[infowars]  Nashville Theater Attack: Will Gun Grabbers Now Demand ‰ֿHatchet Control?‰ http://t.co/n3yJb8TcPm #nwo,250089059,1,6.29E+17,FALSE,5,Global,778245506,finalized,0,,,,,,,,,
,Relevant,attacked,9/1/2015 17:59,Cop injured in gunfight as militants attack Udhampur police post: Suspected militants attacked a police post i... http://t.co/ERW7FdxnCr,1670253270,1,6.29E+17,FALSE,5,"New Delhi,India",778245512,finalized,1,,,,,,,,,
,Relevant,attacked,8/29/2015 17:55,Christian Attacked by Muslims at the Temple Mount after Waving Israeli Flag via Pamela Geller - ... http://t.co/ajMtU7EHy2,426231960,1,6.29E+17,FALSE,5,between here and there,778245519,finalized,1,,,,,,,,,
,Relevant,attacked,8/28/2015 20:39,Christian Attacked by Muslims at the Temple Mount after Waving Israeli Flag via Pamela Geller - ... http://t.co/OGoyzOlJk5,69519762,1,6.29E+17,FALSE,5,"Revolutionary Road, USA",778245523,finalized,1,http://pamelageller.com/2015/08/christian-attacked-by-muslims-at-the-temple-mount-after-waving-israeli-flag.html/,http://pamelageller.com/,Christian Attacked by Muslims at the Temple Mount after Waving Israeli Flag - Geller Report,,,,,,
,Relevant,attacked,8/27/2015 22:05,Tennessee man killed by police attacked family with hatchet: 911וֺcall http://t.co/pWiw9q30DT,367641722,1,6.29E+17,FALSE,5,Lucknow,778245524,finalized,1,,,,,,,,,
,Relevant,attacked,8/30/2015 21:29,Christian Attacked by Muslims at the Temple Mount after Waving Israeli Flag via Pamela Geller - ... http://t.co/5qYcZyWKgG,371573470,1,6.29E+17,FALSE,5,AKRON OHIO USA,778245526,finalized,1,http://pamelageller.com/2015/08/christian-attacked-by-muslims-at-the-temple-mount-after-waving-israeli-flag.html/,http://pamelageller.com/,Christian Attacked by Muslims at the Temple Mount after Waving Israeli Flag - Geller Report,,,,,,
,Relevant,attacked,8/31/2015 10:11,Christian Attacked by Muslims at the Temple Mount after Waving Israeli Flag via Pamela Geller - ... http://t.co/RICbduIACc,1308509430,1,6.29E+17,FALSE,5,1937 Germany ,778245527,finalized,1,http://pamelageller.com/2015/08/christian-attacked-by-muslims-at-the-temple-mount-after-waving-israeli-flag.html/,http://pamelageller.com/,Christian Attacked by Muslims at the Temple Mount after Waving Israeli Flag - Geller Report,,,,,,
,Relevant,attacked,9/1/2015 16:25,Christian Attacked by Muslims at the Temple Mount after Waving Israeli Flag via Pamela Geller - ... http://t.co/f5MiuhqaBy,2165511739,1,6.29E+17,FALSE,5,,778245529,finalized,1,http://pamelageller.com/2015/08/christian-attacked-by-muslims-at-the-temple-mount-after-waving-israeli-flag.html/,http://pamelageller.com/,Christian Attacked by Muslims at the Temple Mount after Waving Israeli Flag - Geller Report,,,,,,
,Relevant,attacked,9/1/2015 13:30,#PT: The unit attacked by IS was responsible for targeting Muslim Scholars and imprisoning the youth. http://t.co/f4LhfmEhzh,3385665772,1,6.29E+17,FALSE,5,,778245530,finalized,1,https://twitter.com/account/suspended,https://twitter.com/,Twitter / Account Suspended,,,,,,
,Relevant,attacked,9/2/2015 7:52,Christian Attacked by Muslims at the Temple Mount after Waving Israeli Flag via Pamela Geller - ... http://t.co/zb8vVBiSY4,14259716,1,6.29E+17,FALSE,5,"Toronto, Ontario",778245531,finalized,1,http://pamelageller.com/2015/08/christian-attacked-by-muslims-at-the-temple-mount-after-waving-israeli-flag.html/,http://pamelageller.com/,Christian Attacked by Muslims at the Temple Mount after Waving Israeli Flag - Geller Report,,,,,,
,Relevant,attacked,8/28/2015 20:39,Christian Attacked by Muslims at the Temple Mount after Waving Israeli Flag via Pamela Geller - ... http://t.co/wGWiQmICL1,1098885444,1,6.29E+17,FALSE,5,London,778245533,finalized,1,http://pamelageller.com/2015/08/christian-attacked-by-muslims-at-the-temple-mount-after-waving-israeli-flag.html/,http://pamelageller.com/,Christian Attacked by Muslims at the Temple Mount after Waving Israeli Flag - Geller Report,,,,,,
,Relevant,attacked,8/29/2015 12:52,Christian Attacked by Muslims at the Temple Mount after Waving Israeli Flag via Pamela Geller - ... http://t.co/LHBZHWq4B9,34426779,1,6.29E+17,FALSE,5,"LEALMAN, FLORIDA",778245541,finalized,1,http://pamelageller.com/2015/08/christian-attacked-by-muslims-at-the-temple-mount-after-waving-israeli-flag.html/,http://pamelageller.com/,Christian Attacked by Muslims at the Temple Mount after Waving Israeli Flag - Geller Report,,,,,,
,Relevant,attacked,8/29/2015 12:04,Christian Attacked by Muslims at the Temple Mount after Waving Israeli Flag via Pamela Geller - ... http://t.co/mXZ7yX8ld1,142277145,1,6.29E+17,FALSE,5,"Groningen, Netherlands, Europe",778245545,finalized,1,http://pamelageller.com/2015/08/christian-attacked-by-muslims-at-the-temple-mount-after-waving-israeli-flag.html/,http://pamelageller.com/,Christian Attacked by Muslims at the Temple Mount after Waving Israeli Flag - Geller Report,,,,,,
,Relevant,attacked,8/29/2015 22:58,Christian Attacked by Muslims at the Temple Mount after Waving Israeli Flag via Pamela Geller - ... http://t.co/e4YDbM4Dx6,17890960,1,6.29E+17,FALSE,5,"Livingston, IL  U.S.A.",778245546,finalized,1,http://pamelageller.com/2015/08/christian-attacked-by-muslims-at-the-temple-mount-after-waving-israeli-flag.html/,http://pamelageller.com/,Christian Attacked by Muslims at the Temple Mount after Waving Israeli Flag - Geller Report,,,,,,
,Relevant,attacked,9/2/2015 8:53,Christian Attacked by Muslims at the Temple Mount after Waving Israeli Flag via Pamela Geller - ... http://t.co/T1aa5Ov7Eg,184442643,1,6.29E+17,FALSE,5,Arundel ,778245547,finalized,1,http://pamelageller.com/2015/08/christian-attacked-by-muslims-at-the-temple-mount-after-waving-israeli-flag.html/,http://pamelageller.com/,Christian Attacked by Muslims at the Temple Mount after Waving Israeli Flag - Geller Report,,,,,,
,Relevant,attacked,8/27/2015 22:42,Christian Attacked by Muslims at the Temple Mount after Waving Israeli Flag via Pamela Geller - ... http://t.co/PuVOZi3Pa3,284554824,1,6.29E+17,FALSE,5,Melbourne,778245549,finalized,1,http://pamelageller.com/2015/08/christian-attacked-by-muslims-at-the-temple-mount-after-waving-israeli-flag.html/,http://pamelageller.com/,Christian Attacked by Muslims at the Temple Mount after Waving Israeli Flag - Geller Report,,,,,,
,Relevant,attacked,9/1/2015 18:17,Christian Attacked by Muslims at the Temple Mount after Waving Israeli Flag via Pamela Geller - ... http://t.co/a6wmbnR51S,873723319,1,6.29E+17,FALSE,5,USA,778245552,finalized,1,http://pamelageller.com/2015/08/christian-attacked-by-muslims-at-the-temple-mount-after-waving-israeli-flag.html/,http://pamelageller.com/,Christian Attacked by Muslims at the Temple Mount after Waving Israeli Flag - Geller Report,,,,,,
,Relevant,attacked,9/2/2015 8:57,Christian Attacked by Muslims at the Temple Mount after Waving Israeli Flag via Pamela Geller - ... http://t.co/ETg0prBP4G,2251894446,1,6.29E+17,FALSE,5,israel,778245553,finalized,1,http://pamelageller.com/2015/08/christian-attacked-by-muslims-at-the-temple-mount-after-waving-israeli-flag.html/,http://pamelageller.com/,Christian Attacked by Muslims at the Temple Mount after Waving Israeli Flag - Geller Report,,,,,,
,Relevant,attacked,8/30/2015 8:15,Christian Attacked by Muslims at the Temple Mount after Waving Israeli Flag via Pamela Geller - ... http://t.co/e4wK8Uri8A,834548672,1,6.29E+17,FALSE,5,"Sּ£o Paulo SP,  Brasil",778245556,finalized,1,http://pamelageller.com/2015/08/christian-attacked-by-muslims-at-the-temple-mount-after-waving-israeli-flag.html/,http://pamelageller.com/,Christian Attacked by Muslims at the Temple Mount after Waving Israeli Flag - Geller Report,,,,,,
,Relevant,attacked,8/28/2015 4:21,Christian Attacked by Muslims at the Temple Mount after Waving Israeli Flag via Pamela Geller - ... http://t.co/1pDJoq4Jc1,28960043,1,6.29E+17,FALSE,5,"Oslo, Norway",778245561,finalized,1,http://pamelageller.com/2015/08/christian-attacked-by-muslims-at-the-temple-mount-after-waving-israeli-flag.html/,http://pamelageller.com/,Christian Attacked by Muslims at the Temple Mount after Waving Israeli Flag - Geller Report,,,,,,
